>single_test_file_SmoGNATf	single_test_file
>single_test_file_SmoGNATc	single_test_file
>single_test_file_StuGNATa	single_test_file
>single_test_file_TheGNATc_1	single_test_file
>single_test_file_TheGNATc_2	single_test_file
>single_test_file_TheGNATc_3	single_test_file
>single_test_file_TheGNATc_4	single_test_file
>single_test_file_ThaGNATc	single_test_file
>single_test_file_VvGNATd	single_test_file
>single_test_file_SmoGNATg	single_test_file
>single_test_file_SmoGNATe	single_test_file
>single_test_file_MdoGNATo	single_test_file
>single_test_file_MeGNATd	single_test_file
>single_test_file_MeGNATe	single_test_file
>single_test_file_MguGNATc	single_test_file
>single_test_file_PpatGNATc	single_test_file
>single_test_file_PpatGNATd	single_test_file
>single_test_file_PperGNATc_1	single_test_file
>single_test_file_PperGNATc_2	single_test_file
>single_test_file_PtGNATd	single_test_file
>single_test_file_PtGNATe_1	single_test_file
>single_test_file_PtGNATe_2	single_test_file
>single_test_file_PtGNATe_3	single_test_file
>single_test_file_PavGNATe	single_test_file
>single_test_file_PavGNATf	single_test_file
>single_test_file_PhvGNATc	single_test_file
>single_test_file_RcGNATc	single_test_file
>single_test_file_SlyGNATc	single_test_file
>single_test_file_BrGNATa_1	single_test_file
>single_test_file_BrGNATa_2	single_test_file
>single_test_file_AqGNATa_1	single_test_file
>single_test_file_AqGNATa_2	single_test_file
>single_test_file_AqGNATb_1	single_test_file
>single_test_file_AqGNATb_2	single_test_file
>single_test_file_AqGNATb_3	single_test_file
>single_test_file_AqGNATb_4	single_test_file
>single_test_file_AqGNATb_5	single_test_file
>single_test_file_AtGNATa	single_test_file
>single_test_file_CclGNATa_1	single_test_file
>single_test_file_CclGNATa_2	single_test_file
>single_test_file_CpaGNATa	single_test_file
>single_test_file_CruGNATa	single_test_file
>single_test_file_CsaGNATa	single_test_file
>single_test_file_CsiGNATa_1	single_test_file
>single_test_file_CsiGNATa_2	single_test_file
>single_test_file_CsiGNATa_3	single_test_file
>single_test_file_EgrGNATa_1	single_test_file
>single_test_file_EgrGNATa_2	single_test_file
>single_test_file_FveGNATa	single_test_file
>single_test_file_GmGNATa	single_test_file
>single_test_file_GmGNATb_1	single_test_file
>single_test_file_GmGNATb_2	single_test_file
>single_test_file_GrGNATa_1	single_test_file
>single_test_file_GrGNATa_2	single_test_file
>single_test_file_GrGNATa_3	single_test_file
>single_test_file_GrGNATa_4	single_test_file
>single_test_file_LuGNATa	single_test_file
>single_test_file_MdoGNATa	single_test_file
>single_test_file_MdoGNATb	single_test_file
>single_test_file_MeGNATa	single_test_file
>single_test_file_MeGNATb	single_test_file
>single_test_file_MguGNATa_1	single_test_file
>single_test_file_MguGNATa_2	single_test_file
>single_test_file_MtruGNATa	single_test_file
>single_test_file_PpatGNATa	single_test_file
>single_test_file_PperGNATa	single_test_file
>single_test_file_PtGNATa_1	single_test_file
>single_test_file_PtGNATa_2	single_test_file
>single_test_file_PtGNATa_3	single_test_file
>single_test_file_PtGNATb_1	single_test_file
>single_test_file_PtGNATb_2	single_test_file
>single_test_file_PtGNATb_3	single_test_file
>single_test_file_PhvGNATa	single_test_file
>single_test_file_RcGNATa	single_test_file
>single_test_file_SlyGNATa	single_test_file
>single_test_file_SmoGNATa	single_test_file
>single_test_file_TheGNATa	single_test_file
>single_test_file_ThaGNATa	single_test_file
>single_test_file_VvGNATa	single_test_file
>single_test_file_VvGNATc	single_test_file
>single_test_file_BrGNATb	single_test_file
>single_test_file_BrGNATc	single_test_file
>single_test_file_AqGNATc_1	single_test_file
>single_test_file_AqGNATc_2	single_test_file
>single_test_file_AqGNATc_3	single_test_file
>single_test_file_AqGNATd	single_test_file
>single_test_file_AqGNATe	single_test_file
>single_test_file_AtGNATb	single_test_file
>single_test_file_CclGNATb	single_test_file
>single_test_file_CpaGNATb	single_test_file
>single_test_file_CruGNATb	single_test_file
>single_test_file_CsaGNATb	single_test_file
>single_test_file_CsiGNATb_1	single_test_file
>single_test_file_CsiGNATb_2	single_test_file
>single_test_file_EgrGNATb	single_test_file
>single_test_file_FveGNATb	single_test_file
>single_test_file_GmGNATc	single_test_file
>single_test_file_GmGNATd_1	single_test_file
>single_test_file_GmGNATd_2	single_test_file
>single_test_file_GrGNATb	single_test_file
>single_test_file_LuGNATb	single_test_file
>single_test_file_LuGNATc	single_test_file
>single_test_file_MdoGNATc	single_test_file
>single_test_file_MdoGNATd	single_test_file
>single_test_file_MeGNATc	single_test_file
>single_test_file_MguGNATb	single_test_file
>single_test_file_MtruGNATb	single_test_file
>single_test_file_PperGNATb	single_test_file
>single_test_file_PtGNATc_1	single_test_file
>single_test_file_PtGNATc_2	single_test_file
>single_test_file_PhvGNATb	single_test_file
>single_test_file_RcGNATb	single_test_file
>single_test_file_SlyGNATb	single_test_file
>single_test_file_TheGNATb	single_test_file
>single_test_file_ThaGNATb	single_test_file
>single_test_file_VvGNATb	single_test_file
>single_test_file_BrGNATd	single_test_file
>single_test_file_AqGNATf_1	single_test_file
>single_test_file_AtGNATc	single_test_file
>single_test_file_CclGNATc	single_test_file
>single_test_file_CpaGNATc	single_test_file
>single_test_file_CruGNATc	single_test_file
>single_test_file_CsaGNATc	single_test_file
>single_test_file_CsiGNATc	single_test_file
>single_test_file_EgrGNATc_1	single_test_file
>single_test_file_EgrGNATc_2	single_test_file
>single_test_file_EgrGNATd	single_test_file
>single_test_file_FveGNATc	single_test_file
>single_test_file_GmGNATe	single_test_file
>single_test_file_GrGNATc_1	single_test_file
>single_test_file_GrGNATc_5	single_test_file
>single_test_file_GrGNATd	single_test_file
>single_test_file_GrGNATe_1	single_test_file
>single_test_file_LuGNATd	single_test_file
>single_test_file_LuGNATe	single_test_file
>single_test_file_MdoGNATe	single_test_file
>single_test_file_MdoGNATf	single_test_file
>single_test_file_MdoGNATg	single_test_file
>single_test_file_MdoGNATh	single_test_file
>single_test_file_MdoGNATi	single_test_file
>single_test_file_MdoGNATj	single_test_file
>single_test_file_MdoGNATj	single_test_file
>single_test_file_MdoGNATk	single_test_file
>single_test_file_MdoGNATl	single_test_file
>single_test_file_MdoGNATm	single_test_file
>single_test_file_MdoGNATn	single_test_file
>single_test_file_CreGNATa	single_test_file
>single_test_file_CvaGNATa	single_test_file
>single_test_file_OlucGNATb	single_test_file
>single_test_file_Mpu15GNATb	single_test_file
>single_test_file_Mpu29GNATa	single_test_file
>single_test_file_CreGNATc	single_test_file
>single_test_file_VcarGNATb	single_test_file
>single_test_file_CvaGNATb	single_test_file
>single_test_file_CsubGNATb	single_test_file
>single_test_file_CreGNATb	single_test_file
>single_test_file_CvaGNATc	single_test_file
>single_test_file_GtheGNATd	single_test_file
>single_test_file_GtheGNATe	single_test_file
>single_test_file_BnatGNATf	single_test_file
>single_test_file_EhuxGNATc	single_test_file
>single_test_file_PtriGNATc	single_test_file
>single_test_file_PcapGNATd	single_test_file
>single_test_file_PcinGNATd	single_test_file
>single_test_file_PsojGNATd	single_test_file
>single_test_file_AkerGNATc	single_test_file
>single_test_file_AlimGNATd	single_test_file
>single_test_file_BdGNATa	single_test_file
>single_test_file_OsGNATa	single_test_file
>single_test_file_PavGNATa	single_test_file
>single_test_file_PavGNATb	single_test_file
>single_test_file_SbGNATa	single_test_file
>single_test_file_SiGNATa	single_test_file
>single_test_file_SiGNATb	single_test_file
>single_test_file_ZmGNATa_1	single_test_file
>single_test_file_ZmGNATa_2	single_test_file
>single_test_file_BdGNATb	single_test_file
>single_test_file_OsGNATb	single_test_file
>single_test_file_PavGNATc	single_test_file
>single_test_file_PavGNATd	single_test_file
>single_test_file_SbGNATb	single_test_file
>single_test_file_SiGNATc	single_test_file
>single_test_file_ZmGNATb_1	single_test_file
>single_test_file_ZmGNATb_2	single_test_file
>single_test_file_BdGNATc_1	single_test_file
>single_test_file_OsGNATc	single_test_file
>single_test_file_SbGNATc	single_test_file
>single_test_file_ZmGNATc	single_test_file
>single_test_file_ZmGNATd_1_MARTRSGIPDERSHSTGIPQSQKARQNPLGGYPSLPMATAAAAAVAAPEQPRRRKPAPGRGGVALPAGLSEEEARVRAIAEIVSAMGELSRRGEDVDLNSLKSAACRRYGLARAPKLVEMIAAVPEADRATLLPRLRAKPVRTASGIAVVAVMSKPHRCPHIATTGNICVYCPGGPDSDFEYSTQSYTGYEPTSMRAIRARYNPYVQARSRIDQLKRLGHSVDKVEFILMGGTFMSLPAEYRDYFIRNLHDALSGHTSANVEEAICYSEHSAVKCIGMTIETRPDYCLGPHLRQMLSYGCTRLEIGVQSTYEDVARDTNRGHTVAAVADCFCLAKDAGFKVVAHMMPDLPNVGVERDLESFREFFGSPAFRADGLKIYPTLVIRGTGLYELWKTGRYRNYPPELLVDIVARILSLVPPWTRVYRVQRDIPMPLVTSGVEKGNLRELALARMEDLGLKCRDVRTREAGIQDIHHKIRPDEVELVRRDYAANEGWETFLSYEDTRQDILIGLLRLRKCGRNVTCPELVGRCSIVRELHVYGTAVPVHGRDVDKLQHQGYGTLLMEEAERIARKEHRSKKLAVISGVGTRHYYRKLGYELEGPYMVKCLA*	single_test_file
