>GNATs_ALL_SmoGNATf	GNATs_ALL
>GNATs_ALL_SmoGNATc	GNATs_ALL
>GNATs_ALL_StuGNATa	GNATs_ALL
>GNATs_ALL_TheGNATc_1	GNATs_ALL
>GNATs_ALL_TheGNATc_2	GNATs_ALL
>GNATs_ALL_TheGNATc_3	GNATs_ALL
>GNATs_ALL_TheGNATc_4	GNATs_ALL
>GNATs_ALL_ThaGNATc	GNATs_ALL
>GNATs_ALL_VvGNATd	GNATs_ALL
>GNATs_ALL_SmoGNATg	GNATs_ALL
>GNATs_ALL_SmoGNATe	GNATs_ALL
>GNATs_ALL_MdoGNATo	GNATs_ALL
>GNATs_ALL_MeGNATd	GNATs_ALL
>GNATs_ALL_MeGNATe	GNATs_ALL
>GNATs_ALL_MguGNATc	GNATs_ALL
>GNATs_ALL_PpatGNATc	GNATs_ALL
>GNATs_ALL_PpatGNATd	GNATs_ALL
>GNATs_ALL_PperGNATc_1	GNATs_ALL
>GNATs_ALL_PperGNATc_2	GNATs_ALL
>GNATs_ALL_PtGNATd	GNATs_ALL
>GNATs_ALL_PtGNATe_1	GNATs_ALL
>GNATs_ALL_PtGNATe_2	GNATs_ALL
>GNATs_ALL_PtGNATe_3	GNATs_ALL
>GNATs_ALL_PavGNATe	GNATs_ALL
>GNATs_ALL_PavGNATf	GNATs_ALL
>GNATs_ALL_PhvGNATc	GNATs_ALL
>GNATs_ALL_RcGNATc	GNATs_ALL
>GNATs_ALL_SlyGNATc	GNATs_ALL
>GNATs_ALL_BrGNATa_1	GNATs_ALL
>GNATs_ALL_BrGNATa_2	GNATs_ALL
>GNATs_ALL_AqGNATa_1	GNATs_ALL
>GNATs_ALL_AqGNATa_2	GNATs_ALL
>GNATs_ALL_AqGNATb_1	GNATs_ALL
>GNATs_ALL_AqGNATb_2	GNATs_ALL
>GNATs_ALL_AqGNATb_3	GNATs_ALL
>GNATs_ALL_AqGNATb_4	GNATs_ALL
>GNATs_ALL_AqGNATb_5	GNATs_ALL
>GNATs_ALL_AtGNATa	GNATs_ALL
>GNATs_ALL_CclGNATa_1	GNATs_ALL
>GNATs_ALL_CclGNATa_2	GNATs_ALL
>GNATs_ALL_CpaGNATa	GNATs_ALL
>GNATs_ALL_CruGNATa	GNATs_ALL
>GNATs_ALL_CsaGNATa	GNATs_ALL
>GNATs_ALL_CsiGNATa_1	GNATs_ALL
>GNATs_ALL_CsiGNATa_2	GNATs_ALL
>GNATs_ALL_CsiGNATa_3	GNATs_ALL
>GNATs_ALL_EgrGNATa_1	GNATs_ALL
>GNATs_ALL_EgrGNATa_2	GNATs_ALL
>GNATs_ALL_FveGNATa	GNATs_ALL
>GNATs_ALL_GmGNATa	GNATs_ALL
>GNATs_ALL_GmGNATb_1	GNATs_ALL
>GNATs_ALL_GmGNATb_2	GNATs_ALL
>GNATs_ALL_GrGNATa_1	GNATs_ALL
>GNATs_ALL_GrGNATa_2	GNATs_ALL
>GNATs_ALL_GrGNATa_3	GNATs_ALL
>GNATs_ALL_GrGNATa_4	GNATs_ALL
>GNATs_ALL_LuGNATa	GNATs_ALL
>GNATs_ALL_MdoGNATa	GNATs_ALL
>GNATs_ALL_MdoGNATb	GNATs_ALL
>GNATs_ALL_MeGNATa	GNATs_ALL
>GNATs_ALL_MeGNATb	GNATs_ALL
>GNATs_ALL_MguGNATa_1	GNATs_ALL
>GNATs_ALL_MguGNATa_2	GNATs_ALL
>GNATs_ALL_MtruGNATa	GNATs_ALL
>GNATs_ALL_PpatGNATa	GNATs_ALL
>GNATs_ALL_PperGNATa	GNATs_ALL
>GNATs_ALL_PtGNATa_1	GNATs_ALL
>GNATs_ALL_PtGNATa_2	GNATs_ALL
>GNATs_ALL_PtGNATa_3	GNATs_ALL
>GNATs_ALL_PtGNATb_1	GNATs_ALL
>GNATs_ALL_PtGNATb_2	GNATs_ALL
>GNATs_ALL_PtGNATb_3	GNATs_ALL
>GNATs_ALL_PhvGNATa	GNATs_ALL
>GNATs_ALL_RcGNATa	GNATs_ALL
>GNATs_ALL_SlyGNATa	GNATs_ALL
>GNATs_ALL_SmoGNATa	GNATs_ALL
>GNATs_ALL_TheGNATa	GNATs_ALL
>GNATs_ALL_ThaGNATa	GNATs_ALL
>GNATs_ALL_VvGNATa	GNATs_ALL
>GNATs_ALL_VvGNATc	GNATs_ALL
>GNATs_ALL_BrGNATb	GNATs_ALL
>GNATs_ALL_BrGNATc	GNATs_ALL
>GNATs_ALL_AqGNATc_1	GNATs_ALL
>GNATs_ALL_AqGNATc_2	GNATs_ALL
>GNATs_ALL_AqGNATc_3	GNATs_ALL
>GNATs_ALL_AqGNATd	GNATs_ALL
>GNATs_ALL_AqGNATe	GNATs_ALL
>GNATs_ALL_AtGNATb	GNATs_ALL
>GNATs_ALL_CclGNATb	GNATs_ALL
>GNATs_ALL_CpaGNATb	GNATs_ALL
>GNATs_ALL_CruGNATb	GNATs_ALL
>GNATs_ALL_CsaGNATb	GNATs_ALL
>GNATs_ALL_CsiGNATb_1	GNATs_ALL
>GNATs_ALL_CsiGNATb_2	GNATs_ALL
>GNATs_ALL_EgrGNATb	GNATs_ALL
>GNATs_ALL_FveGNATb	GNATs_ALL
>GNATs_ALL_GmGNATc	GNATs_ALL
>GNATs_ALL_GmGNATd_1	GNATs_ALL
>GNATs_ALL_GmGNATd_2	GNATs_ALL
>GNATs_ALL_GrGNATb	GNATs_ALL
>GNATs_ALL_LuGNATb	GNATs_ALL
>GNATs_ALL_LuGNATc	GNATs_ALL
>GNATs_ALL_MdoGNATc	GNATs_ALL
>GNATs_ALL_MdoGNATd	GNATs_ALL
>GNATs_ALL_MeGNATc	GNATs_ALL
>GNATs_ALL_MguGNATb	GNATs_ALL
>GNATs_ALL_MtruGNATb	GNATs_ALL
>GNATs_ALL_PperGNATb	GNATs_ALL
>GNATs_ALL_PtGNATc_1	GNATs_ALL
>GNATs_ALL_PtGNATc_2	GNATs_ALL
>GNATs_ALL_PhvGNATb	GNATs_ALL
>GNATs_ALL_RcGNATb	GNATs_ALL
>GNATs_ALL_SlyGNATb	GNATs_ALL
>GNATs_ALL_TheGNATb	GNATs_ALL
>GNATs_ALL_ThaGNATb	GNATs_ALL
>GNATs_ALL_VvGNATb	GNATs_ALL
>GNATs_ALL_BrGNATd	GNATs_ALL
>GNATs_ALL_AqGNATf_1	GNATs_ALL
>GNATs_ALL_AtGNATc	GNATs_ALL
>GNATs_ALL_CclGNATc	GNATs_ALL
>GNATs_ALL_CpaGNATc	GNATs_ALL
>GNATs_ALL_CruGNATc	GNATs_ALL
>GNATs_ALL_CsaGNATc	GNATs_ALL
>GNATs_ALL_CsiGNATc	GNATs_ALL
>GNATs_ALL_EgrGNATc_1	GNATs_ALL
>GNATs_ALL_EgrGNATc_2	GNATs_ALL
>GNATs_ALL_EgrGNATd	GNATs_ALL
>GNATs_ALL_FveGNATc	GNATs_ALL
>GNATs_ALL_GmGNATe	GNATs_ALL
>GNATs_ALL_GrGNATc_1	GNATs_ALL
>GNATs_ALL_GrGNATc_5	GNATs_ALL
>GNATs_ALL_GrGNATd	GNATs_ALL
>GNATs_ALL_GrGNATe_1	GNATs_ALL
>GNATs_ALL_LuGNATd	GNATs_ALL
>GNATs_ALL_LuGNATe	GNATs_ALL
>GNATs_ALL_MdoGNATe	GNATs_ALL
>GNATs_ALL_MdoGNATf	GNATs_ALL
>GNATs_ALL_MdoGNATg	GNATs_ALL
>GNATs_ALL_MdoGNATh	GNATs_ALL
>GNATs_ALL_MdoGNATi	GNATs_ALL
>GNATs_ALL_MdoGNATj	GNATs_ALL
>GNATs_ALL_MdoGNATj	GNATs_ALL
>GNATs_ALL_MdoGNATk	GNATs_ALL
>GNATs_ALL_MdoGNATl	GNATs_ALL
>GNATs_ALL_MdoGNATm	GNATs_ALL
>GNATs_ALL_MdoGNATn	GNATs_ALL
>GNATs_ALL_CreGNATa	GNATs_ALL
>GNATs_ALL_CvaGNATa	GNATs_ALL
>GNATs_ALL_OlucGNATb	GNATs_ALL
>GNATs_ALL_Mpu15GNATb	GNATs_ALL
>GNATs_ALL_Mpu29GNATa	GNATs_ALL
>GNATs_ALL_CreGNATc	GNATs_ALL
>GNATs_ALL_VcarGNATb	GNATs_ALL
>GNATs_ALL_CvaGNATb	GNATs_ALL
>GNATs_ALL_CsubGNATb	GNATs_ALL
>GNATs_ALL_CreGNATb	GNATs_ALL
>GNATs_ALL_CvaGNATc	GNATs_ALL
>GNATs_ALL_GtheGNATd	GNATs_ALL
>GNATs_ALL_GtheGNATe	GNATs_ALL
>GNATs_ALL_BnatGNATf	GNATs_ALL
>GNATs_ALL_EhuxGNATc	GNATs_ALL
>GNATs_ALL_PtriGNATc	GNATs_ALL
>GNATs_ALL_PcapGNATd	GNATs_ALL
>GNATs_ALL_PcinGNATd	GNATs_ALL
>GNATs_ALL_PsojGNATd	GNATs_ALL
>GNATs_ALL_AkerGNATc	GNATs_ALL
>GNATs_ALL_AlimGNATd	GNATs_ALL
>GNATs_ALL_BdGNATa	GNATs_ALL
>GNATs_ALL_OsGNATa	GNATs_ALL
>GNATs_ALL_PavGNATa	GNATs_ALL
>GNATs_ALL_PavGNATb	GNATs_ALL
>GNATs_ALL_SbGNATa	GNATs_ALL
>GNATs_ALL_SiGNATa	GNATs_ALL
>GNATs_ALL_SiGNATb	GNATs_ALL
>GNATs_ALL_ZmGNATa_1	GNATs_ALL
>GNATs_ALL_ZmGNATa_2	GNATs_ALL
>GNATs_ALL_BdGNATb	GNATs_ALL
>GNATs_ALL_OsGNATb	GNATs_ALL
>GNATs_ALL_PavGNATc	GNATs_ALL
>GNATs_ALL_PavGNATd	GNATs_ALL
>GNATs_ALL_SbGNATb	GNATs_ALL
>GNATs_ALL_SiGNATc	GNATs_ALL
>GNATs_ALL_ZmGNATb_1	GNATs_ALL
>GNATs_ALL_ZmGNATb_2	GNATs_ALL
>GNATs_ALL_BdGNATc_1	GNATs_ALL
>GNATs_ALL_OsGNATc	GNATs_ALL
>GNATs_ALL_SbGNATc	GNATs_ALL
>GNATs_ALL_ZmGNATc	GNATs_ALL
>GNATs_ALL_ZmGNATd_1_MARTRSGIPDERSHSTGIPQSQKARQNPLGGYPSLPMATAAAAAVAAPEQPRRRKPAPGRGGVALPAGLSEEEARVRAIAEIVSAMGELSRRGEDVDLNSLKSAACRRYGLARAPKLVEMIAAVPEADRATLLPRLRAKPVRTASGIAVVAVMSKPHRCPHIATTGNICVYCPGGPDSDFEYSTQSYTGYEPTSMRAIRARYNPYVQARSRIDQLKRLGHSVDKVEFILMGGTFMSLPAEYRDYFIRNLHDALSGHTSANVEEAICYSEHSAVKCIGMTIETRPDYCLGPHLRQMLSYGCTRLEIGVQSTYEDVARDTNRGHTVAAVADCFCLAKDAGFKVVAHMMPDLPNVGVERDLESFREFFGSPAFRADGLKIYPTLVIRGTGLYELWKTGRYRNYPPELLVDIVARILSLVPPWTRVYRVQRDIPMPLVTSGVEKGNLRELALARMEDLGLKCRDVRTREAGIQDIHHKIRPDEVELVRRDYAANEGWETFLSYEDTRQDILIGLLRLRKCGRNVTCPELVGRCSIVRELHVYGTAVPVHGRDVDKLQHQGYGTLLMEEAERIARKEHRSKKLAVISGVGTRHYYRKLGYELEGPYMVKCLA*	GNATs_ALL
